{
  "lighting_mean": {
    "method": "kmeans",
    "thresholds": [
      107.19489372788712,
      137.16520956228746,
      160.92870227099866,
      185.612316779663
    ],
    "n": 99,
    "mae": 0.9595959595959596,
    "kappa_qw": 0.09277705048665275,
    "spearman": 0.13264095646027513
  },
  "sharpness_metric": {
    "method": "median_midpoint",
    "thresholds": [
      0.4555729812169776,
      0.6173404410655248,
      0.5480449397010155
    ],
    "n": 99,
    "mae": 0.9494949494949495,
    "kappa_qw": 0.14588235294117646,
    "spearman": 0.20823335215328415
  },
  "contrast_metric": {
    "method": "decision_tree",
    "thresholds": [
      45.82499885559082,
      49.834999084472656,
      51.08500099182129,
      55.06500053405762
    ],
    "n": 99,
    "mae": 1.6161616161616161,
    "kappa_qw": 0.13075214217708642,
    "spearman": 0.20842482884323113
  }
}