{
  "lighting_mean": {
    "median_thresholds": [
      131.90337868721764,
      150.0851921339357,
      163.80034546904065,
      180.9908812117991
    ],
    "dt_thresholds": [
      130.92140197753906,
      164.30892181396484,
      168.9642105102539,
      180.4318389892578
    ],
    "median_medians": {
      "2": 144.28686420409247,
      "3": 153.87310124900347,
      "4": 165.09089689077865,
      "5": 150.78823013553017
    }
  },
  "sharpness_metric": {
    "median_thresholds": [
      170.3239235373236,
      320.2688896095717,
      503.71782626703816,
      1025.6388923911065
    ],
    "dt_thresholds": [
      141.52034759521484,
      186.0257568359375,
      232.21768951416016,
      235.72533416748047
    ],
    "median_medians": {
      "2": 167.40533976625204,
      "3": 304.1467101873113,
      "4": 462.11044962740186,
      "5": 144.7363613796629
    }
  },
  "contrast_metric": {
    "median_thresholds": [
      47.63819564498161,
      55.98649875408536,
      63.135202728352326,
      70.22900117375414
    ],
    "dt_thresholds": [
      36.17853546142578,
      51.71586036682129,
      64.95207214355469,
      81.2933120727539
    ],
    "median_medians": {
      "1": 54.54831199108058,
      "3": 60.86981130394999,
      "5": 60.91404291051068
    }
  }
}