{
  "lighting_mean": {
    "median_thresholds": [
      131.76395376029762,
      150.47297688014882,
      164.16295243157055,
      182.3934047302684
    ],
    "dt_thresholds": [
      151.426513671875,
      155.70542907714844,
      164.97052764892578,
      180.4318389892578
    ],
    "median_medians": {
      "2": 144.28686420409247,
      "3": 153.87310124900347,
      "4": 167.04771990433164,
      "5": 152.98395163433432
    }
  },
  "sharpness_metric": {
    "median_thresholds": [
      156.27923255745463,
      300.3745212591177,
      458.40354170433267,
      822.6026575437147
    ],
    "dt_thresholds": [
      186.0257568359375,
      232.21768951416016,
      235.72533416748047,
      575.0833435058594
    ],
    "median_medians": {
      "2": 167.40533976625204,
      "3": 297.8597286403219,
      "4": 441.81711425219214,
      "5": 144.7363613796629
    }
  },
  "contrast_metric": {
    "median_thresholds": [
      49.268804590875746,
      58.53861922038986,
      63.891490146132185,
      71.79283639694356
    ],
    "dt_thresholds": [
      36.17853546142578,
      63.66232109069824,
      64.95207214355469,
      81.2933120727539
    ],
    "median_medians": {
      "1": 51.10506360098379,
      "3": 61.64805884847349,
      "5": 61.55252887556627
    }
  }
}