{
  "lighting_mean": {
    "median_thresholds": [
      131.76395376029762,
      150.3303608822748,
      163.98678713792185,
      181.23238161041724
    ],
    "median_medians": {
      "2": 144.28686420409247,
      "3": 153.87310124900347,
      "4": 165.75250863672602,
      "5": 150.78823013553017
    }
  },
  "sharpness_metric": {
    "median_thresholds": [
      0.45298726700394004,
      0.5701503931091508,
      0.6888293630673205,
      0.950107934987411
    ],
    "median_medians": {
      "2": 0.3504861053762509,
      "3": 0.5606598570577043,
      "4": 0.6740210250733452,
      "5": 0.42206885432868585
    }
  },
  "contrast_metric": {
    "median_thresholds": [
      42.986,
      48.836,
      54.75,
      62.974000000000004
    ],
    "median_medians": {
      "1": 45.86,
      "3": 50.13,
      "5": 52.215
    }
  }
}